Home,Away,H_W_PCT,H_FG_PCT,H_FG3_PCT,H_FT_PCT,H_REB,H_AST,H_TOV,H_STL,H_BLK,H_PLUS_MINUS,H_OFF_RATING,H_DEF_RATING,H_TS_PCT,A_W_PCT,A_FG_PCT,A_FG3_PCT,A_FT_PCT,A_REB,A_AST,A_TOV,A_STL,A_BLK,A_PLUS_MINUS,A_OFF_RATING,A_DEF_RATING,A_TS_PCT,Result,Date
Charlotte Hornets,Portland Trail Blazers,0.6,0.458,0.377,0.74,48.9,20.5,15.3,8.2,5.0,6.7,108.8,102.1,0.568,0.667,0.46,0.402,0.737,42.9,24.9,12.8,9.3,4.3,1.8,112.4,110.0,0.561,1,10/31/2021
Brooklyn Nets,Detroit Pistons,0.2,0.408,0.275,0.748,44.2,21.0,16.8,9.2,5.8,-8.0,97.2,105.0,0.497,0.5,0.434,0.325,0.771,46.1,20.9,14.1,6.7,6.6,-4.3,101.0,105.6,0.538,1,10/31/2021
Los Angeles Lakers,Houston Rockets,0.2,0.426,0.36,0.761,43.2,20.9,17.1,9.0,4.4,-6.9,100.6,107.5,0.538,0.5,0.487,0.389,0.724,42.0,23.5,16.3,7.8,5.9,-1.0,109.8,111.0,0.58,1,10/31/2021
Dallas Mavericks,Sacramento Kings,0.6,0.454,0.34,0.786,44.4,22.9,13.7,6.3,4.7,-2.2,108.6,110.5,0.558,0.6,0.396,0.31,0.708,46.5,19.5,13.5,6.8,5.2,-6.8,97.6,104.0,0.499,1,10/31/2021
Milwaukee Bucks,Utah Jazz,0.8,0.445,0.325,0.836,50.7,18.3,16.4,7.5,4.9,12.8,110.5,97.4,0.567,0.5,0.444,0.324,0.759,43.8,21.0,14.3,7.9,4.0,-2.1,106.4,108.0,0.551,0,10/31/2021
Indiana Pacers,San Antonio Spurs,0.333,0.46,0.321,0.657,44.5,26.9,13.2,9.2,4.7,1.6,105.2,102.9,0.53,0.143,0.45,0.339,0.783,44.5,22.4,16.8,6.4,6.4,-4.0,105.1,109.1,0.552,1,11/01/2021
Philadelphia 76ers,Portland Trail Blazers,0.5,0.456,0.364,0.757,48.8,22.1,14.9,7.6,5.0,3.7,110.0,106.3,0.566,0.667,0.488,0.385,0.865,43.1,23.2,14.2,8.2,7.2,8.5,114.9,106.3,0.603,1,11/01/2021
Charlotte Hornets,Cleveland Cavaliers,0.429,0.446,0.3,0.78,45.3,25.0,16.0,8.1,3.7,-1.7,103.3,104.4,0.537,0.714,0.467,0.415,0.722,43.2,26.5,12.3,8.6,4.6,3.2,114.6,110.9,0.571,0,11/01/2021
Boston Celtics,Chicago Bulls,0.833,0.452,0.382,0.857,41.3,23.2,12.2,9.2,6.0,7.9,107.0,99.3,0.558,0.333,0.431,0.321,0.811,43.2,22.6,13.9,8.2,7.7,-4.1,103.5,107.7,0.537,0,11/01/2021
Atlanta Hawks,Washington Wizards,0.833,0.44,0.327,0.801,47.4,19.3,12.7,6.9,5.8,3.9,106.1,102.5,0.542,0.5,0.45,0.339,0.758,50.8,24.3,13.5,6.3,3.8,0.3,106.2,105.8,0.527,1,11/01/2021
Memphis Grizzlies,Denver Nuggets,0.667,0.479,0.313,0.671,44.5,23.8,18.8,9.5,3.7,4.5,101.0,97.5,0.558,0.5,0.434,0.345,0.826,46.1,25.6,15.3,10.7,5.5,-4.7,109.6,114.9,0.544,1,11/01/2021
Minnesota Timberwolves,Orlando Magic,0.143,0.432,0.366,0.748,45.2,21.9,17.4,5.4,4.7,-11.5,104.1,115.4,0.543,0.6,0.419,0.325,0.777,44.7,23.0,16.8,10.5,7.2,3.7,102.0,98.4,0.528,0,11/01/2021
LA Clippers,Oklahoma City Thunder,0.167,0.415,0.292,0.725,43.3,19.8,15.2,7.5,3.7,-14.5,97.2,111.1,0.508,0.2,0.42,0.317,0.709,40.0,23.4,11.3,11.1,3.7,-2.0,100.4,102.3,0.514,1,11/01/2021
New York Knicks,Toronto Raptors,0.571,0.426,0.325,0.748,49.2,20.0,14.8,11.3,3.6,4.1,105.4,101.6,0.516,0.833,0.465,0.407,0.729,45.0,23.3,13.4,7.5,6.2,7.0,114.5,108.0,0.582,0,11/01/2021
Utah Jazz,Sacramento Kings,0.5,0.443,0.317,0.789,46.5,22.5,13.7,6.3,4.4,-2.8,107.6,110.2,0.543,0.833,0.448,0.325,0.853,50.3,17.7,16.0,7.3,5.8,12.9,111.4,98.3,0.574,1,11/02/2021
Phoenix Suns,New Orleans Pelicans,0.143,0.43,0.336,0.791,48.8,22.8,16.1,6.8,5.1,-6.7,103.8,110.2,0.525,0.4,0.46,0.31,0.694,46.7,25.7,13.7,8.0,2.9,-4.9,103.1,109.1,0.539,1,11/02/2021
Los Angeles Lakers,Houston Rockets,0.167,0.425,0.341,0.71,44.9,20.4,18.6,8.8,4.2,-7.4,97.8,105.0,0.529,0.571,0.475,0.376,0.713,42.0,23.2,15.9,8.7,6.3,0.5,107.4,107.1,0.564,1,11/02/2021
Detroit Pistons,Milwaukee Bucks,0.429,0.438,0.319,0.762,44.3,20.6,14.0,7.8,3.9,-3.5,106.0,109.1,0.541,0.167,0.407,0.289,0.736,41.9,21.1,16.6,9.7,5.4,-11.1,96.8,107.5,0.499,0,11/02/2021
Dallas Mavericks,Miami Heat,0.833,0.463,0.347,0.844,53.3,24.3,15.5,7.5,2.1,16.6,111.6,95.1,0.565,0.667,0.404,0.312,0.698,46.5,20.4,13.0,7.1,5.1,-4.7,99.3,103.7,0.504,0,11/02/2021
Sacramento Kings,New Orleans Pelicans,0.125,0.426,0.336,0.807,48.1,22.5,16.3,8.1,5.2,-7.3,103.4,110.3,0.523,0.429,0.445,0.325,0.776,45.0,22.6,13.2,6.5,4.9,-3.2,107.6,110.8,0.543,1,11/03/2021
Washington Wizards,Toronto Raptors,0.625,0.427,0.326,0.765,49.2,20.6,14.1,11.4,3.7,4.7,106.6,102.3,0.518,0.714,0.445,0.328,0.82,46.2,20.5,12.7,7.0,5.6,2.5,107.5,105.2,0.549,0,11/03/2021
Orlando Magic,Boston Celtics,0.286,0.432,0.337,0.803,42.4,22.2,13.3,8.4,6.8,-5.4,104.6,110.3,0.538,0.25,0.434,0.37,0.758,45.9,21.8,17.3,5.3,4.9,-7.7,105.5,113.2,0.551,0,11/03/2021
Cleveland Cavaliers,Portland Trail Blazers,0.429,0.458,0.362,0.737,48.7,22.2,15.0,7.3,4.6,1.8,110.0,108.3,0.565,0.5,0.445,0.302,0.76,45.8,24.5,16.0,8.6,4.2,-1.1,104.5,105.1,0.536,1,11/03/2021
Philadelphia 76ers,Chicago Bulls,0.857,0.469,0.388,0.868,42.5,24.2,13.0,8.9,6.3,8.7,109.9,101.1,0.575,0.714,0.492,0.381,0.866,42.2,25.1,13.9,8.7,7.1,8.8,115.8,106.8,0.607,1,11/03/2021
Brooklyn Nets,Atlanta Hawks,0.571,0.451,0.346,0.815,50.6,24.4,13.2,6.8,4.0,1.3,108.5,107.3,0.54,0.571,0.461,0.346,0.755,45.6,22.2,15.0,6.8,5.9,0.0,103.7,104.1,0.562,1,11/03/2021
Memphis Grizzlies,Denver Nuggets,0.571,0.474,0.301,0.67,44.0,24.3,17.9,9.3,4.3,2.6,100.7,98.8,0.551,0.571,0.437,0.35,0.819,47.4,24.8,15.0,10.4,5.3,-2.8,109.3,112.7,0.542,1,11/03/2021
Minnesota Timberwolves,LA Clippers,0.333,0.413,0.324,0.714,41.9,22.6,11.8,10.6,3.9,-0.8,100.3,101.0,0.511,0.5,0.411,0.316,0.743,45.2,22.7,16.4,10.1,6.2,0.2,101.3,101.1,0.516,0,11/03/2021
San Antonio Spurs,Dallas Mavericks,0.571,0.409,0.315,0.701,46.0,20.0,12.6,6.2,4.8,-6.2,101.6,107.5,0.513,0.286,0.469,0.344,0.664,43.3,27.9,13.8,8.8,4.6,-0.4,106.9,106.9,0.542,0,11/03/2021
Golden State Warriors,Charlotte Hornets,0.625,0.46,0.411,0.723,43.6,26.6,12.9,9.0,5.5,2.4,114.1,111.1,0.563,0.833,0.454,0.378,0.754,47.4,27.6,15.9,8.3,5.1,7.5,106.6,98.7,0.565,1,11/03/2021
Indiana Pacers,New York Knicks,0.714,0.465,0.408,0.732,44.6,23.0,13.9,6.9,5.9,4.8,113.5,109.0,0.585,0.25,0.465,0.356,0.78,43.8,24.2,16.7,6.9,6.1,-1.9,108.4,110.2,0.568,1,11/03/2021
Detroit Pistons,Philadelphia 76ers,0.75,0.493,0.386,0.845,41.4,25.0,13.9,8.8,6.7,8.4,114.6,106.1,0.606,0.143,0.394,0.267,0.729,42.2,21.2,16.3,9.1,5.3,-13.5,95.8,108.9,0.487,0,11/04/2021
Miami Heat,Boston Celtics,0.375,0.43,0.329,0.78,43.5,22.5,13.1,8.3,7.1,-3.3,103.7,107.4,0.535,0.857,0.47,0.367,0.848,52.5,24.6,14.4,7.3,2.5,16.5,114.3,97.9,0.577,0,11/04/2021
Atlanta Hawks,Utah Jazz,0.857,0.446,0.32,0.829,51.2,17.4,16.1,7.3,5.8,11.8,111.8,99.7,0.569,0.5,0.449,0.35,0.82,50.5,24.1,13.3,6.9,4.0,0.0,107.9,108.1,0.539,0,11/04/2021
Phoenix Suns,Houston Rockets,0.143,0.441,0.348,0.687,43.5,21.1,19.3,8.6,4.1,-6.6,99.3,105.9,0.54,0.5,0.47,0.316,0.729,45.8,26.7,14.6,8.0,3.1,-2.1,104.4,107.6,0.552,1,11/04/2021
Los Angeles Lakers,Oklahoma City Thunder,0.143,0.411,0.293,0.735,44.4,19.4,15.3,7.6,4.0,-13.1,96.7,109.5,0.505,0.625,0.482,0.362,0.718,41.7,23.3,15.9,8.8,5.9,0.7,107.8,107.3,0.566,0,11/04/2021
Milwaukee Bucks,New York Knicks,0.625,0.458,0.393,0.739,45.0,23.1,13.5,6.9,6.0,2.6,112.2,109.7,0.573,0.5,0.445,0.335,0.762,45.3,21.5,14.4,7.7,4.4,0.4,107.4,106.7,0.552,0,11/05/2021
Orlando Magic,San Antonio Spurs,0.25,0.471,0.343,0.677,42.7,27.4,13.8,8.8,5.2,-0.5,106.4,106.4,0.544,0.222,0.422,0.35,0.762,46.3,21.2,17.1,5.7,4.5,-8.4,103.2,111.4,0.537,0,11/05/2021
Washington Wizards,Memphis Grizzlies,0.625,0.446,0.363,0.792,46.3,25.4,14.7,10.3,5.6,-2.2,109.8,112.6,0.55,0.625,0.444,0.319,0.817,46.1,20.4,12.8,6.9,5.8,1.1,107.0,106.2,0.549,1,11/05/2021
Toronto Raptors,Cleveland Cavaliers,0.556,0.453,0.324,0.761,45.7,25.2,16.4,8.1,3.9,-0.7,105.4,105.6,0.547,0.667,0.431,0.332,0.775,48.6,20.3,13.9,11.3,3.6,5.2,107.4,102.4,0.523,0,11/05/2021
Golden State Warriors,New Orleans Pelicans,0.111,0.426,0.338,0.813,47.4,22.8,16.5,7.3,5.0,-8.0,103.3,111.0,0.524,0.857,0.458,0.381,0.742,47.9,28.1,15.9,9.1,4.9,9.5,106.9,97.1,0.571,1,11/05/2021
Minnesota Timberwolves,LA Clippers,0.429,0.437,0.357,0.735,40.8,24.0,13.0,10.0,4.3,0.8,103.6,103.1,0.541,0.429,0.418,0.32,0.767,44.4,23.4,16.5,10.3,5.6,-1.4,103.4,104.3,0.524,0,11/05/2021
Portland Trail Blazers,Indiana Pacers,0.333,0.465,0.36,0.78,44.6,24.5,16.3,7.0,6.2,-0.3,109.0,109.4,0.568,0.375,0.457,0.361,0.727,47.8,22.5,14.4,7.9,4.8,1.2,109.9,108.8,0.561,1,11/05/2021
Sacramento Kings,Charlotte Hornets,0.556,0.451,0.396,0.724,43.9,25.5,13.1,9.0,5.1,-0.2,111.1,110.8,0.553,0.5,0.454,0.326,0.781,44.3,23.2,12.6,6.7,5.2,-1.2,108.7,109.9,0.553,1,11/05/2021
Detroit Pistons,Brooklyn Nets,0.625,0.464,0.365,0.755,45.0,23.6,15.1,6.8,6.2,1.1,104.9,104.1,0.571,0.125,0.395,0.272,0.747,42.4,21.3,15.8,8.8,5.0,-13.3,97.1,110.0,0.49,0,11/05/2021
Miami Heat,Utah Jazz,0.875,0.453,0.331,0.819,50.9,19.1,16.3,7.2,5.6,12.7,113.2,100.3,0.577,0.75,0.456,0.344,0.831,52.3,24.1,15.0,7.5,2.3,12.5,111.2,98.6,0.561,1,11/06/2021
Chicago Bulls,Philadelphia 76ers,0.778,0.493,0.385,0.824,42.7,24.9,14.2,8.8,6.3,8.8,115.0,106.1,0.604,0.75,0.469,0.378,0.87,43.2,23.6,13.4,9.2,6.0,7.0,108.8,101.8,0.572,0,11/06/2021
Dallas Mavericks,Boston Celtics,0.444,0.427,0.336,0.787,44.2,22.0,13.5,8.2,6.9,-1.2,103.8,105.4,0.536,0.625,0.412,0.307,0.705,46.9,20.0,13.3,6.7,4.7,-5.3,101.8,106.9,0.513,1,11/06/2021
Phoenix Suns,Atlanta Hawks,0.444,0.447,0.339,0.818,48.8,23.6,12.9,7.4,4.0,-2.0,107.5,109.8,0.538,0.571,0.471,0.337,0.757,45.5,26.8,14.1,8.5,3.8,-0.1,106.3,107.3,0.559,1,11/06/2021
Portland Trail Blazers,Los Angeles Lakers,0.556,0.474,0.362,0.729,42.5,23.2,15.7,8.7,5.8,0.3,107.4,107.2,0.56,0.444,0.46,0.369,0.739,47.3,23.1,14.4,7.9,4.8,1.5,110.4,109.0,0.567,1,11/06/2021
Denver Nuggets,Houston Rockets,0.125,0.439,0.347,0.713,43.2,21.4,19.1,8.0,4.1,-7.2,100.1,107.3,0.542,0.5,0.474,0.3,0.7,44.3,24.4,17.2,9.1,4.3,2.0,102.0,100.6,0.551,1,11/06/2021
New York Knicks,Cleveland Cavaliers,0.6,0.453,0.325,0.769,45.5,25.1,16.7,7.8,3.9,-0.5,106.1,106.1,0.548,0.667,0.455,0.376,0.748,46.6,22.3,13.7,7.5,5.7,4.0,112.3,108.4,0.568,0,11/07/2021
Orlando Magic,Utah Jazz,0.778,0.46,0.332,0.811,49.2,20.0,15.3,7.5,5.4,11.0,114.4,103.3,0.582,0.2,0.419,0.344,0.759,45.9,21.4,17.2,6.0,5.3,-8.9,101.7,110.4,0.531,1,11/07/2021
Golden State Warriors,Houston Rockets,0.111,0.442,0.342,0.708,43.7,21.2,19.0,8.0,4.3,-6.5,99.7,106.3,0.543,0.875,0.466,0.384,0.753,48.0,29.1,15.3,9.2,4.8,13.3,109.2,96.0,0.581,1,11/07/2021
LA Clippers,Charlotte Hornets,0.5,0.453,0.388,0.714,42.2,25.8,12.8,8.9,5.0,-3.1,110.6,113.3,0.552,0.5,0.433,0.344,0.752,43.3,23.2,13.5,10.2,4.3,3.2,103.3,100.2,0.537,1,11/07/2021
Sacramento Kings,Indiana Pacers,0.3,0.467,0.357,0.77,44.3,25.0,15.9,7.1,5.8,-0.7,109.2,109.9,0.569,0.556,0.464,0.35,0.79,45.4,23.8,13.2,6.5,4.7,2.2,111.7,109.4,0.57,0,11/07/2021
Washington Wizards,Milwaukee Bucks,0.444,0.441,0.34,0.762,44.4,21.2,14.4,7.4,4.5,-1.3,106.3,107.4,0.55,0.667,0.458,0.325,0.8,46.8,21.8,13.4,6.6,5.8,4.0,107.7,104.0,0.558,1,11/07/2021
Toronto Raptors,Brooklyn Nets,0.667,0.463,0.369,0.769,45.0,23.8,15.3,6.4,5.9,1.7,104.0,102.8,0.569,0.6,0.431,0.342,0.764,48.7,20.4,13.7,11.3,4.1,4.6,107.7,103.4,0.52,0,11/07/2021
Oklahoma City Thunder,San Antonio Spurs,0.333,0.468,0.341,0.702,43.2,26.9,13.7,9.1,5.4,1.0,105.8,104.5,0.541,0.25,0.413,0.303,0.728,45.1,19.9,15.4,7.5,3.8,-11.1,98.0,108.9,0.51,1,11/07/2021
Philadelphia 76ers,New York Knicks,0.6,0.455,0.369,0.765,45.1,22.2,13.4,7.7,6.1,1.9,111.9,110.4,0.568,0.8,0.496,0.394,0.82,42.7,24.7,14.2,8.5,6.2,8.8,115.4,106.4,0.607,0,11/08/2021
Chicago Bulls,Brooklyn Nets,0.7,0.468,0.378,0.777,45.6,24.4,15.5,6.1,5.4,2.8,105.8,103.4,0.577,0.667,0.461,0.361,0.859,43.7,23.3,13.0,9.0,5.5,5.3,108.9,103.6,0.563,1,11/08/2021
Dallas Mavericks,New Orleans Pelicans,0.1,0.419,0.327,0.807,47.0,22.9,16.8,7.2,4.8,-11.3,101.8,112.5,0.517,0.667,0.423,0.309,0.716,46.5,20.0,13.6,6.8,4.8,-4.4,103.2,107.4,0.525,1,11/08/2021
Memphis Grizzlies,Minnesota Timberwolves,0.375,0.409,0.321,0.765,43.9,22.5,17.1,10.0,5.8,-3.7,100.5,103.9,0.516,0.556,0.436,0.348,0.789,45.4,24.6,14.1,10.5,5.4,-5.1,107.2,112.7,0.535,1,11/08/2021
Denver Nuggets,Miami Heat,0.778,0.47,0.357,0.825,51.0,25.0,15.1,7.1,2.1,11.6,113.0,101.3,0.573,0.556,0.466,0.291,0.717,44.5,23.9,16.6,9.2,4.4,1.9,101.6,100.1,0.544,1,11/08/2021
Sacramento Kings,Phoenix Suns,0.625,0.476,0.335,0.763,44.8,26.5,13.7,8.4,4.0,0.4,107.3,107.9,0.567,0.5,0.455,0.344,0.797,44.4,23.5,13.1,7.2,4.9,1.7,110.2,108.2,0.562,0,11/08/2021
Golden State Warriors,Atlanta Hawks,0.4,0.446,0.345,0.824,48.6,22.9,12.7,6.9,3.7,-2.2,107.9,110.2,0.539,0.889,0.471,0.377,0.765,47.1,29.2,15.5,9.4,4.6,13.2,110.0,97.0,0.587,1,11/08/2021
Los Angeles Lakers,Charlotte Hornets,0.455,0.448,0.38,0.719,42.2,25.2,12.8,9.2,4.7,-4.0,109.8,113.4,0.546,0.5,0.461,0.354,0.737,43.8,22.7,15.9,8.6,5.7,-1.1,105.1,106.3,0.549,1,11/08/2021
Philadelphia 76ers,Milwaukee Bucks,0.4,0.436,0.334,0.744,44.9,20.8,14.3,8.1,4.3,-1.9,105.2,106.9,0.541,0.727,0.485,0.386,0.82,43.3,24.4,13.8,8.4,6.2,7.4,114.2,106.6,0.596,0,11/09/2021
Utah Jazz,Atlanta Hawks,0.364,0.447,0.352,0.818,47.2,22.7,13.1,6.8,3.5,-3.3,108.0,111.5,0.544,0.7,0.452,0.318,0.813,49.4,20.2,15.6,7.8,5.6,9.2,113.3,104.0,0.573,1,11/09/2021
LA Clippers,Portland Trail Blazers,0.5,0.451,0.356,0.741,47.5,22.8,14.0,8.4,4.9,2.9,109.1,106.3,0.56,0.556,0.438,0.348,0.776,43.8,23.1,14.1,9.9,4.3,4.3,104.6,100.4,0.547,1,11/09/2021
Orlando Magic,Brooklyn Nets,0.636,0.461,0.374,0.783,45.2,23.9,15.4,6.1,5.5,0.5,104.8,104.6,0.57,0.273,0.426,0.347,0.762,45.4,21.7,16.9,6.2,5.6,-7.4,102.5,109.7,0.536,0,11/10/2021
Cleveland Cavaliers,Washington Wizards,0.7,0.463,0.332,0.789,46.4,22.1,14.0,6.7,6.0,4.3,107.2,103.1,0.56,0.636,0.462,0.347,0.771,45.8,25.7,16.8,7.8,3.7,1.1,108.2,106.4,0.558,0,11/10/2021
Boston Celtics,Toronto Raptors,0.545,0.434,0.332,0.765,47.7,20.8,13.2,11.2,4.3,3.0,107.9,105.2,0.522,0.4,0.433,0.332,0.779,43.7,22.0,13.4,8.1,6.4,-1.3,104.5,106.3,0.538,1,11/10/2021
New York Knicks,Milwaukee Bucks,0.455,0.439,0.339,0.741,45.5,20.8,13.8,7.8,4.5,-0.9,106.4,107.3,0.543,0.636,0.454,0.365,0.765,46.2,22.5,13.4,7.4,5.9,2.4,111.6,109.7,0.565,0,11/10/2021
Houston Rockets,Detroit Pistons,0.111,0.394,0.277,0.745,42.7,20.9,15.6,9.0,5.1,-12.5,96.5,108.4,0.488,0.1,0.443,0.338,0.703,43.4,20.8,19.1,8.3,4.2,-7.1,100.2,107.3,0.545,0,11/10/2021
Chicago Bulls,Dallas Mavericks,0.7,0.431,0.317,0.709,46.7,20.9,13.6,6.8,4.7,-2.3,104.3,106.6,0.531,0.7,0.462,0.353,0.858,44.9,23.1,12.6,8.9,5.4,7.0,109.7,102.7,0.562,1,11/10/2021
New Orleans Pelicans,Oklahoma City Thunder,0.333,0.408,0.301,0.742,46.4,20.0,15.3,7.2,4.1,-9.3,98.0,107.1,0.506,0.091,0.42,0.321,0.807,46.6,23.4,16.6,7.3,4.4,-11.8,101.6,112.7,0.515,0,11/10/2021
Phoenix Suns,Portland Trail Blazers,0.455,0.453,0.358,0.741,47.2,23.5,13.7,8.2,5.0,1.9,109.5,107.6,0.56,0.667,0.475,0.342,0.766,43.8,26.5,13.8,9.0,4.5,0.9,106.9,106.8,0.566,1,11/10/2021
San Antonio Spurs,Sacramento Kings,0.455,0.455,0.349,0.794,44.3,22.9,14.0,7.1,4.9,1.1,109.2,107.8,0.562,0.3,0.462,0.326,0.7,43.4,27.1,13.3,9.1,5.8,0.4,104.6,103.9,0.532,1,11/10/2021
Memphis Grizzlies,Charlotte Hornets,0.417,0.447,0.376,0.73,42.8,24.7,13.0,8.8,4.6,-3.9,109.7,113.2,0.546,0.6,0.442,0.351,0.798,45.8,24.9,14.2,10.1,5.6,-3.8,108.5,112.7,0.542,0,11/10/2021
Denver Nuggets,Indiana Pacers,0.364,0.465,0.35,0.771,45.3,23.9,16.4,7.2,5.9,-0.4,108.1,108.7,0.564,0.6,0.465,0.291,0.715,45.2,24.4,16.0,9.0,4.5,3.4,103.3,100.4,0.545,1,11/10/2021
Golden State Warriors,Minnesota Timberwolves,0.333,0.411,0.328,0.774,43.7,22.4,16.9,9.6,6.0,-4.0,101.8,105.8,0.52,0.9,0.472,0.38,0.787,46.2,29.3,15.3,9.8,4.5,13.2,111.4,98.2,0.591,1,11/10/2021
Los Angeles Lakers,Miami Heat,0.7,0.464,0.357,0.826,49.9,24.8,15.0,6.7,2.2,8.8,112.1,103.2,0.57,0.545,0.463,0.359,0.733,43.9,23.1,15.7,8.7,5.9,-0.8,105.7,106.6,0.553,1,11/10/2021
LA Clippers,Miami Heat,0.636,0.459,0.348,0.819,49.1,24.7,14.7,7.3,2.2,7.6,111.3,103.6,0.566,0.6,0.446,0.362,0.767,43.8,23.4,13.6,9.4,3.9,4.7,106.1,101.7,0.554,1,11/11/2021
Philadelphia 76ers,Toronto Raptors,0.5,0.434,0.326,0.772,47.2,20.8,13.6,11.0,4.6,1.4,106.3,105.2,0.521,0.667,0.478,0.38,0.825,43.6,24.2,13.2,8.3,6.3,6.0,113.9,107.6,0.587,0,11/11/2021
Utah Jazz,Indiana Pacers,0.333,0.466,0.35,0.764,45.8,23.9,16.4,7.1,6.4,-0.6,108.0,108.9,0.563,0.727,0.457,0.324,0.813,49.3,20.4,15.7,7.9,5.5,9.6,113.8,104.2,0.577,0,11/11/2021
New Orleans Pelicans,Brooklyn Nets,0.667,0.465,0.379,0.79,45.3,24.2,15.3,6.2,5.5,3.1,105.8,103.1,0.575,0.083,0.414,0.316,0.795,46.8,23.5,16.1,7.7,4.5,-11.5,101.4,112.4,0.509,0,11/12/2021
Charlotte Hornets,New York Knicks,0.583,0.452,0.371,0.762,45.7,22.3,13.3,7.5,6.3,1.2,111.1,110.3,0.564,0.462,0.448,0.379,0.742,43.0,25.1,13.3,9.1,4.7,-2.9,109.7,112.3,0.549,1,11/12/2021
Cleveland Cavaliers,Detroit Pistons,0.2,0.398,0.285,0.738,43.4,21.1,15.4,8.7,5.2,-10.5,98.2,108.0,0.493,0.583,0.462,0.342,0.766,45.6,25.4,16.7,7.8,3.8,0.8,107.6,106.2,0.558,1,11/12/2021
Boston Celtics,Milwaukee Bucks,0.5,0.439,0.357,0.738,46.1,21.6,14.0,7.5,4.5,0.2,107.3,107.1,0.547,0.455,0.434,0.333,0.772,43.8,21.9,13.5,8.2,6.3,0.2,104.6,104.8,0.536,1,11/12/2021
Memphis Grizzlies,Phoenix Suns,0.7,0.48,0.347,0.77,43.4,26.6,13.6,8.7,4.7,1.8,108.3,107.2,0.569,0.545,0.44,0.341,0.782,46.5,24.9,14.3,10.4,5.8,-4.4,107.8,112.4,0.536,0,11/12/2021
Oklahoma City Thunder,Sacramento Kings,0.417,0.46,0.343,0.795,44.2,22.6,14.1,6.8,5.0,-0.6,109.5,109.9,0.564,0.4,0.41,0.3,0.75,47.4,20.3,15.6,7.1,4.1,-7.6,99.1,106.4,0.51,1,11/12/2021
Houston Rockets,Portland Trail Blazers,0.417,0.456,0.351,0.751,47.2,23.5,13.9,8.0,4.7,0.9,109.5,108.7,0.56,0.091,0.442,0.339,0.696,43.3,20.4,18.8,8.0,4.2,-7.2,100.5,107.8,0.544,0,11/12/2021
San Antonio Spurs,Dallas Mavericks,0.636,0.434,0.321,0.718,46.5,21.1,13.5,7.0,4.6,-3.1,104.7,107.8,0.535,0.364,0.468,0.35,0.691,43.3,27.6,12.8,9.2,5.6,2.0,107.1,104.8,0.543,0,11/12/2021
Denver Nuggets,Atlanta Hawks,0.333,0.446,0.366,0.808,46.3,22.8,13.2,6.8,3.7,-4.0,107.9,112.2,0.545,0.636,0.462,0.299,0.731,45.1,24.2,15.6,8.7,4.5,3.4,104.1,100.9,0.545,1,11/12/2021
Golden State Warriors,Chicago Bulls,0.727,0.466,0.367,0.858,45.1,23.4,12.5,8.9,5.1,7.3,110.5,103.3,0.566,0.909,0.472,0.371,0.789,46.8,28.7,15.3,10.1,4.7,13.2,112.3,99.2,0.592,1,11/12/2021
Los Angeles Lakers,Minnesota Timberwolves,0.3,0.411,0.333,0.771,43.4,23.2,16.9,9.4,5.8,-4.9,102.6,107.3,0.521,0.583,0.466,0.37,0.726,44.0,23.1,16.1,8.3,5.8,-0.5,105.8,106.4,0.558,0,11/12/2021
LA Clippers,Minnesota Timberwolves,0.364,0.415,0.333,0.77,44.4,23.3,16.8,9.5,5.6,-2.3,103.3,105.6,0.523,0.636,0.448,0.357,0.777,43.7,23.1,13.4,9.4,4.4,4.6,106.7,102.5,0.556,1,11/13/2021
Utah Jazz,Miami Heat,0.583,0.458,0.335,0.819,49.2,24.2,14.8,7.5,2.3,6.7,111.3,104.4,0.562,0.667,0.458,0.321,0.793,48.3,20.6,15.4,7.7,5.4,7.8,112.7,104.8,0.574,0,11/13/2021
Orlando Magic,Washington Wizards,0.727,0.459,0.334,0.804,46.9,22.5,13.9,7.0,5.7,4.2,107.0,102.9,0.558,0.25,0.422,0.33,0.752,45.6,21.4,16.8,6.5,5.3,-9.6,101.1,110.3,0.527,0,11/13/2021
New Orleans Pelicans,Memphis Grizzlies,0.5,0.434,0.331,0.758,47.3,24.3,14.3,10.0,5.8,-6.0,106.2,112.6,0.527,0.077,0.419,0.322,0.796,46.7,23.7,16.1,7.6,4.5,-11.3,102.5,113.1,0.515,1,11/13/2021
Indiana Pacers,Philadelphia 76ers,0.615,0.476,0.376,0.835,43.4,24.6,13.2,8.3,6.5,5.0,113.8,108.4,0.585,0.385,0.465,0.351,0.761,46.4,23.6,16.1,7.1,6.3,0.3,108.3,108.3,0.561,1,11/13/2021
Toronto Raptors,Detroit Pistons,0.182,0.395,0.286,0.744,43.4,20.9,16.2,9.1,5.2,-11.4,96.5,107.5,0.491,0.538,0.434,0.334,0.788,47.3,21.1,13.5,10.9,4.8,1.7,107.3,105.7,0.524,0,11/13/2021
Cleveland Cavaliers,Boston Celtics,0.5,0.439,0.33,0.78,44.4,21.9,13.8,8.0,6.4,0.9,105.7,105.3,0.541,0.615,0.463,0.342,0.763,45.3,25.7,17.1,8.1,3.9,2.3,107.2,104.2,0.559,1,11/13/2021
LA Clippers,Chicago Bulls,0.667,0.463,0.361,0.851,44.5,22.9,13.1,8.9,4.9,4.5,109.1,104.5,0.564,0.667,0.456,0.361,0.777,44.6,24.0,13.4,9.1,4.7,6.4,108.1,102.1,0.562,0,11/14/2021
Los Angeles Lakers,San Antonio Spurs,0.333,0.47,0.357,0.692,43.1,27.8,12.9,8.7,5.4,0.7,107.3,106.2,0.546,0.538,0.459,0.356,0.732,44.1,22.7,16.4,8.6,6.0,-2.2,104.5,106.6,0.55,1,11/14/2021
Atlanta Hawks,Milwaukee Bucks,0.462,0.44,0.356,0.742,45.5,21.7,13.9,7.5,4.3,-0.5,107.6,108.0,0.548,0.308,0.443,0.354,0.8,46.8,22.7,12.9,6.4,3.8,-4.4,107.5,112.0,0.539,1,11/14/2021
Oklahoma City Thunder,Brooklyn Nets,0.692,0.468,0.39,0.785,44.5,24.5,15.1,6.4,5.4,3.5,107.0,104.0,0.58,0.455,0.411,0.303,0.749,47.9,19.7,15.1,7.2,4.3,-6.7,99.7,106.2,0.508,0,11/14/2021
Houston Rockets,Phoenix Suns,0.727,0.481,0.362,0.78,43.5,26.7,13.4,8.9,4.8,3.8,108.9,105.5,0.573,0.083,0.438,0.33,0.69,43.8,19.8,18.4,7.8,4.4,-7.6,99.8,107.6,0.538,0,11/14/2021
Charlotte Hornets,Golden State Warriors,0.917,0.473,0.367,0.795,46.8,28.6,15.4,10.5,4.5,14.2,112.8,98.7,0.592,0.5,0.447,0.372,0.736,43.4,25.1,13.3,9.1,4.7,-2.1,109.3,111.2,0.547,1,11/14/2021
Denver Nuggets,Portland Trail Blazers,0.462,0.451,0.347,0.758,47.6,23.4,13.9,8.1,4.7,1.8,109.2,107.4,0.557,0.667,0.461,0.298,0.733,45.6,24.4,15.0,8.5,4.5,3.9,104.6,101.1,0.544,1,11/14/2021
Cleveland Cavaliers,Boston Celtics,0.462,0.438,0.326,0.792,44.8,21.8,14.3,7.9,6.1,0.7,104.9,104.7,0.539,0.643,0.457,0.336,0.771,45.0,25.1,16.7,8.3,4.0,2.3,106.4,103.4,0.555,0,11/15/2021
Detroit Pistons,Sacramento Kings,0.385,0.455,0.343,0.793,44.6,22.5,14.1,6.7,5.2,-0.7,109.1,109.6,0.56,0.25,0.407,0.297,0.759,42.8,22.1,16.0,8.7,5.3,-9.9,99.4,108.9,0.506,0,11/15/2021
Atlanta Hawks,Orlando Magic,0.231,0.415,0.33,0.76,45.6,21.4,16.6,6.6,5.3,-9.8,100.7,110.1,0.521,0.357,0.446,0.36,0.802,47.2,22.6,12.9,6.4,3.6,-2.7,108.7,111.4,0.542,1,11/15/2021
Washington Wizards,New Orleans Pelicans,0.143,0.423,0.332,0.804,46.3,24.3,16.0,7.5,4.6,-9.7,103.8,112.9,0.522,0.75,0.462,0.335,0.804,47.1,23.1,14.1,6.9,5.8,4.8,107.1,102.4,0.56,1,11/15/2021
New York Knicks,Indiana Pacers,0.429,0.472,0.359,0.755,45.9,24.3,16.1,7.1,6.6,0.6,109.3,109.1,0.567,0.538,0.447,0.371,0.752,46.1,21.9,13.7,7.6,6.2,0.5,110.0,109.7,0.557,1,11/15/2021
Memphis Grizzlies,Houston Rockets,0.077,0.436,0.322,0.689,44.0,19.7,18.7,7.8,4.4,-9.0,98.9,107.9,0.534,0.462,0.434,0.331,0.763,47.0,24.2,14.0,9.7,5.8,-6.5,106.5,113.3,0.526,1,11/15/2021
Oklahoma City Thunder,Miami Heat,0.615,0.46,0.34,0.822,49.3,24.1,15.3,7.4,2.4,6.7,111.6,104.6,0.565,0.417,0.41,0.304,0.756,47.5,19.7,15.0,7.3,4.1,-8.2,99.4,107.5,0.508,0,11/15/2021
Minnesota Timberwolves,Phoenix Suns,0.75,0.477,0.361,0.787,44.1,26.0,13.1,9.5,5.0,5.6,109.1,104.0,0.57,0.333,0.413,0.331,0.763,44.0,23.4,16.3,9.3,5.7,-4.3,102.9,107.0,0.518,0,11/15/2021
Portland Trail Blazers,Toronto Raptors,0.5,0.439,0.338,0.772,46.8,21.2,13.5,10.8,4.6,1.2,108.5,107.6,0.53,0.429,0.45,0.346,0.766,47.0,23.4,14.0,8.2,4.7,-0.4,108.8,109.3,0.556,1,11/15/2021
Los Angeles Lakers,Chicago Bulls,0.692,0.462,0.362,0.855,44.5,22.6,13.2,8.9,4.8,5.0,108.4,103.4,0.562,0.571,0.463,0.364,0.734,44.3,23.1,16.4,8.5,5.9,-1.5,105.2,106.8,0.556,0,11/15/2021
Dallas Mavericks,Denver Nuggets,0.692,0.466,0.314,0.737,46.2,25.0,14.8,8.6,4.3,5.9,106.9,101.3,0.552,0.667,0.436,0.328,0.715,46.6,21.8,12.9,7.2,4.8,-1.6,106.2,108.0,0.538,1,11/15/2021
Brooklyn Nets,Golden State Warriors,0.846,0.469,0.358,0.784,46.9,28.7,15.3,10.3,4.7,12.9,112.0,99.3,0.585,0.714,0.47,0.393,0.798,44.6,25.0,15.1,6.5,5.2,5.0,108.1,103.4,0.586,0,11/16/2021
Utah Jazz,Philadelphia 76ers,0.571,0.472,0.383,0.838,43.8,24.1,13.3,8.5,6.2,4.3,114.3,109.5,0.583,0.615,0.454,0.321,0.787,47.5,20.8,15.5,8.2,5.1,6.7,112.3,105.6,0.572,1,11/16/2021
LA Clippers,San Antonio Spurs,0.308,0.468,0.365,0.69,43.2,27.9,13.0,8.7,5.1,0.1,107.5,106.9,0.546,0.615,0.449,0.358,0.797,44.6,23.4,13.9,8.9,4.8,5.1,106.7,102.0,0.557,1,11/16/2021
New York Knicks,Orlando Magic,0.214,0.418,0.333,0.754,45.2,22.0,16.5,6.7,5.3,-10.4,101.4,111.3,0.523,0.571,0.446,0.368,0.75,46.5,22.1,13.7,7.1,6.1,1.0,109.5,108.7,0.554,0,11/17/2021
Charlotte Hornets,Washington Wizards,0.769,0.462,0.337,0.793,47.0,23.2,13.6,7.1,5.7,4.9,107.5,102.7,0.56,0.533,0.449,0.373,0.734,43.1,25.0,13.3,9.2,4.6,-1.7,109.1,110.6,0.548,1,11/17/2021
Detroit Pistons,Indiana Pacers,0.4,0.465,0.349,0.755,46.0,23.9,15.7,7.1,6.6,0.1,108.3,108.7,0.56,0.231,0.407,0.295,0.77,43.0,22.1,16.2,8.6,5.0,-10.9,99.8,110.3,0.507,1,11/17/2021
Atlanta Hawks,Boston Celtics,0.5,0.439,0.327,0.792,44.9,22.0,14.3,7.9,6.1,1.0,104.6,104.1,0.541,0.4,0.453,0.366,0.786,47.1,23.2,12.8,6.7,3.8,-1.3,109.9,111.3,0.549,1,11/17/2021
Brooklyn Nets,Cleveland Cavaliers,0.6,0.453,0.341,0.769,44.9,24.7,16.6,8.2,3.9,1.7,105.7,103.3,0.552,0.667,0.464,0.385,0.796,44.0,24.6,14.8,6.9,5.0,3.4,107.2,104.1,0.579,1,11/17/2021
Miami Heat,New Orleans Pelicans,0.133,0.422,0.34,0.81,46.4,24.1,15.8,7.1,4.6,-9.4,104.0,112.9,0.525,0.643,0.46,0.349,0.823,49.0,24.0,15.6,7.6,2.6,7.1,111.0,103.7,0.566,1,11/17/2021
Milwaukee Bucks,Los Angeles Lakers,0.533,0.462,0.353,0.741,44.1,22.8,16.5,8.5,5.9,-2.5,104.8,107.4,0.556,0.429,0.441,0.355,0.735,44.5,21.9,13.7,7.5,4.3,-1.9,107.2,109.1,0.548,1,11/17/2021
Oklahoma City Thunder,Houston Rockets,0.071,0.432,0.32,0.692,44.0,19.9,18.6,7.6,4.4,-10.7,98.7,109.4,0.529,0.385,0.41,0.309,0.754,47.2,20.2,15.4,7.2,4.5,-8.6,98.8,107.2,0.509,1,11/17/2021
Minnesota Timberwolves,Sacramento Kings,0.429,0.461,0.352,0.794,44.7,23.1,14.1,7.0,5.2,0.9,110.4,109.2,0.565,0.308,0.41,0.328,0.765,44.6,22.9,16.6,9.2,5.4,-4.2,102.0,106.3,0.516,1,11/17/2021
Phoenix Suns,Dallas Mavericks,0.692,0.441,0.333,0.715,46.6,22.6,12.6,7.2,4.6,-0.7,107.1,107.9,0.542,0.769,0.47,0.35,0.785,44.6,25.6,13.2,9.4,4.7,5.4,108.2,103.1,0.564,1,11/17/2021
Portland Trail Blazers,Chicago Bulls,0.714,0.468,0.369,0.85,43.8,23.1,13.5,8.9,4.6,5.9,108.9,103.0,0.568,0.467,0.457,0.352,0.764,46.7,23.6,14.0,8.0,4.8,-0.1,109.9,110.1,0.563,1,11/17/2021
Denver Nuggets,Philadelphia 76ers,0.533,0.465,0.373,0.833,43.6,23.7,13.0,8.3,6.1,1.6,112.2,110.3,0.573,0.643,0.466,0.312,0.734,46.4,24.7,14.7,8.3,4.4,4.8,106.9,102.5,0.552,0,11/18/2021
Utah Jazz,Toronto Raptors,0.467,0.44,0.346,0.779,46.5,21.2,13.4,10.6,4.4,0.8,109.4,108.8,0.533,0.643,0.459,0.328,0.778,48.2,21.3,15.2,7.9,5.3,8.8,113.0,104.1,0.575,1,11/18/2021
Cleveland Cavaliers,Golden State Warriors,0.857,0.472,0.355,0.785,47.2,28.4,15.8,9.9,4.9,13.2,112.0,98.9,0.589,0.563,0.449,0.333,0.775,45.3,24.4,16.4,8.2,3.7,1.0,105.3,103.6,0.549,0,11/18/2021
Miami Heat,Washington Wizards,0.714,0.455,0.323,0.794,47.3,23.3,13.5,7.1,5.7,3.8,106.6,102.8,0.552,0.667,0.461,0.351,0.823,48.5,24.4,15.3,7.5,2.6,7.7,111.5,103.7,0.568,1,11/18/2021
Memphis Grizzlies,LA Clippers,0.643,0.448,0.355,0.806,44.8,22.7,14.3,8.9,4.7,5.7,106.1,100.8,0.558,0.5,0.442,0.336,0.766,46.9,24.7,13.6,10.0,6.0,-3.6,108.1,112.1,0.535,1,11/18/2021
Minnesota Timberwolves,San Antonio Spurs,0.286,0.465,0.358,0.691,42.8,27.6,13.2,8.8,5.0,-0.9,105.9,106.3,0.541,0.357,0.415,0.325,0.77,44.1,22.7,16.7,9.2,5.8,-3.2,102.7,106.0,0.521,1,11/18/2021
Milwaukee Bucks,Oklahoma City Thunder,0.429,0.413,0.305,0.742,47.7,20.0,15.3,7.4,4.6,-7.1,98.9,105.9,0.509,0.467,0.442,0.353,0.732,44.8,21.8,13.8,7.6,4.2,-1.3,107.1,108.4,0.548,1,11/19/2021
Sacramento Kings,Toronto Raptors,0.438,0.439,0.34,0.785,45.8,21.4,13.4,10.6,4.3,-0.3,109.1,109.6,0.531,0.4,0.454,0.346,0.792,45.0,22.9,14.5,7.0,5.0,0.2,109.9,109.3,0.558,0,11/19/2021
Charlotte Hornets,Indiana Pacers,0.375,0.463,0.342,0.754,45.9,23.3,15.9,6.9,6.5,-0.4,107.3,108.2,0.557,0.563,0.448,0.37,0.729,44.3,25.4,13.2,9.0,4.8,-1.0,108.8,109.6,0.545,1,11/19/2021
Detroit Pistons,Golden State Warriors,0.867,0.474,0.355,0.787,46.7,29.1,15.6,10.1,4.8,13.4,112.2,98.8,0.59,0.286,0.408,0.295,0.768,43.0,21.7,16.0,8.9,5.0,-9.5,99.8,109.0,0.508,0,11/19/2021
New Orleans Pelicans,LA Clippers,0.6,0.45,0.359,0.812,44.2,22.9,14.4,8.7,4.8,4.6,106.5,102.2,0.559,0.125,0.423,0.336,0.807,46.0,23.8,16.0,7.1,4.5,-9.8,104.0,113.2,0.527,1,11/19/2021
Boston Celtics,Los Angeles Lakers,0.5,0.459,0.347,0.745,44.2,22.8,16.3,8.5,5.7,-2.8,104.4,107.2,0.552,0.467,0.439,0.323,0.794,44.9,22.2,14.3,8.0,5.9,0.3,104.6,104.8,0.541,1,11/19/2021
Brooklyn Nets,Orlando Magic,0.267,0.417,0.33,0.759,45.6,21.9,16.4,6.7,5.1,-9.3,101.6,110.5,0.521,0.688,0.464,0.384,0.799,44.2,24.9,14.7,6.9,4.8,3.9,107.3,103.7,0.579,1,11/19/2021
Denver Nuggets,Chicago Bulls,0.667,0.468,0.375,0.847,43.3,23.2,13.6,8.8,4.9,5.2,109.0,103.7,0.569,0.6,0.459,0.313,0.739,46.6,24.6,14.5,8.2,4.3,3.5,106.2,103.0,0.546,0,11/19/2021
Phoenix Suns,Dallas Mavericks,0.643,0.439,0.343,0.721,47.0,23.1,12.5,7.1,4.5,-1.2,106.9,108.0,0.541,0.786,0.467,0.349,0.782,45.0,25.7,12.9,9.2,4.9,5.5,108.3,103.1,0.561,1,11/19/2021
New York Knicks,Houston Rockets,0.067,0.426,0.317,0.691,44.1,19.7,18.3,7.5,4.4,-10.7,98.0,108.7,0.524,0.533,0.444,0.364,0.747,46.4,22.3,14.0,7.0,6.2,0.5,108.8,108.4,0.552,1,11/20/2021
Indiana Pacers,New Orleans Pelicans,0.176,0.424,0.342,0.803,46.7,23.6,15.9,7.2,4.3,-8.5,103.8,111.8,0.526,0.353,0.463,0.34,0.757,45.3,23.0,15.5,7.1,6.4,-0.6,107.6,108.6,0.558,1,11/20/2021
Boston Celtics,Oklahoma City Thunder,0.4,0.409,0.3,0.733,48.2,19.8,15.1,7.3,4.6,-7.1,98.3,105.3,0.504,0.5,0.443,0.325,0.796,45.3,22.1,14.3,7.9,5.6,1.6,106.1,105.1,0.546,1,11/20/2021
Washington Wizards,Miami Heat,0.688,0.464,0.353,0.824,48.2,24.7,14.8,7.7,2.5,8.2,111.9,103.7,0.57,0.667,0.457,0.33,0.787,46.8,23.5,13.8,6.9,5.5,2.6,106.4,103.8,0.554,1,11/20/2021
Atlanta Hawks,Charlotte Hornets,0.588,0.453,0.37,0.731,44.2,25.5,13.4,8.9,4.9,-0.8,109.2,109.7,0.55,0.438,0.456,0.365,0.789,46.8,23.6,12.9,6.8,3.9,-0.5,110.2,110.9,0.553,1,11/20/2021
Milwaukee Bucks,Orlando Magic,0.25,0.419,0.333,0.759,45.7,22.2,16.2,6.7,5.2,-8.8,102.5,110.9,0.524,0.5,0.438,0.349,0.742,45.4,21.8,13.7,7.7,4.3,-0.8,106.5,107.3,0.546,1,11/20/2021
Minnesota Timberwolves,Memphis Grizzlies,0.533,0.449,0.34,0.767,47.0,25.0,13.6,9.9,6.1,-2.6,109.1,112.1,0.54,0.4,0.419,0.333,0.772,44.5,23.3,16.5,8.9,6.0,-1.4,103.9,105.3,0.527,1,11/20/2021
Portland Trail Blazers,Philadelphia 76ers,0.563,0.467,0.373,0.82,43.9,23.7,12.9,8.1,6.2,2.4,112.2,109.4,0.573,0.5,0.456,0.352,0.782,46.6,23.8,14.2,8.2,4.8,0.3,110.1,110.1,0.564,1,11/20/2021
Sacramento Kings,Utah Jazz,0.667,0.465,0.334,0.783,48.1,22.1,15.8,7.9,5.6,9.3,113.5,104.1,0.582,0.375,0.45,0.339,0.78,44.8,22.5,14.6,7.1,5.0,-1.0,108.9,109.6,0.552,0,11/20/2021
